municipality,canton
אבו גוש,1
אבו סנאן,1
אבן יהודה,0
אום אל-פחם,1
אופקים,2
אור יהודה,2
אור עקיבא,2
אזור,2
אילת,2
אכסאל,1
אל קסום,1
אל-בטוף,1
אלונה,0
אליכין,2
אלעד,2
אעבלין,1
אשדוד,2
אשכול,0
אשקלון,2
באקה אל גרבייה,1
באר טוביה,0
באר יעקב,2
באר שבע,2
בוסתאן אל-מרג',1
בועיינה-נוג'ידאת,1
בוקעאתא,2
ביר אל-מכסור,1
בית ג'ן,0
בית דגן,2
בית שאן,2
בית שמש,2
בני ברק,2
"בני עי""ש",2
בני שמעון,0
בנימינה - גבעת עדה,0
"בסמ""ה",1
בסמת טבעון,1
בענה,1
ברנר,0
בת ים,2
ג'דיידה-מכר,1
ג'וליס,0
ג'לג'וליה,1
ג'סר א-זרקא,1
ג'ת,1
גבעת שמואל,2
גבעתיים,0
גדרה,2
גדרות,0
גולן,0
גוש חלב (ג'יש),1
גזר,0
גן יבנה,2
גן רוה,0
גני תקווה,0
דאלית אל-כרמל,0
דבוריה,1
דימונה,2
דיר אל-אסד,1
דיר חנא,1
דרום השרון,0
הגלבוע,0
הגליל העליון,0
הגליל התחתון,0
הוד השרון,0
הערבה התיכונה,0
הרצליה,0
זבולון,0
זכרון יעקב,0
זמר,1
זרזיר,1
חבל אילות,0
חבל יבנה,2
חבל מודיעין,2
חדרה,2
חולון,2
חוף אשקלון,2
חוף הכרמל,0
חוף השרון,0
חורה,1
חורפיש,0
חיפה,0
חצור הגלילית,2
חריש,2
טבריה,2
טובא-זנגריה,1
טורעאן,1
טייבה,1
טירה,1
טירת כרמל,2
טמרה,1
יאנוח - ג'ת,0
יבנאל,2
יבנה,2
יהוד -מונסון,2
יואב,0
יסוד המעלה,0
יפיע,1
יקנעם עילית,2
ירוחם,2
ירושלים,2
ירכא,2
כאבול,1
כאוכב אבו אל-היג'א,1
כוכב יאיר,0
כסייפה,1
כסרא - סמיע,2
כעביה - טבאש - חג'אג'רה,1
כפר ברא,1
כפר ורדים,0
כפר יאסיף,1
כפר יונה,2
כפר כמא,0
כפר כנא,1
כפר מנדא,1
כפר סבא,0
כפר קאסם,1
כפר קרע,1
כפר שמריהו,0
כפר תבור,0
כרמיאל,2
לב השרון,0
להבים,0
לוד,2
לכיש,2
לקיה,1
מבואות החרמון,0
מבשרת ציון,2
מג'אר,1
מג'ד אל-כרום,1
מג'דל שמס,0
מגדל,2
מגדל העמק,2
מגידו,0
מודיעין-מכבים-רעות,0
מזכרת בתיה,0
מזרעה,1
מטה אשר,0
מטה יהודה,2
מטולה,0
מיתר,0
מנשה,0
מסעדה,0
מעיליא,1
מעלה יוסף,2
מעלה עירון,1
מעלות-תרשיחא,2
מצפה רמון,2
מרום הגליל,2
מרחבים,2
משגב,0
משהד,1
נהריה,2
נווה מדבר,1
נחל שורק,2
נחף,1
נס ציונה,0
נצרת,1
נשר,2
נתיבות,2
נתניה,2
סאג'ור,0
סביון,0
סח'נין,1
ע'ג'ר,2
עומר,0
עוספייא,0
עילבון,1
עילוט,1
עין מאהל,1
עין קיניה,2
עכו,2
עמק הירדן,0
עמק המעיינות,0
עמק חפר,0
עמק יזרעאל,0
עפולה,2
עראבה,1
ערד,2
ערערה,1
ערערה בנגב,1
פוריידיס,1
פסוטה,1
פקיעין (בוקייעה),0
פרדס חנה - כרכור,0
פרדסיה,0
פתח תקווה,2
צפת,2
קדימה - צורן,0
קלנסווה,1
קצרין,2
קרית אונו,0
קרית אתא,2
קרית ביאליק,2
קרית גת,2
קרית טבעון,0
קרית ים,2
קרית יערים,2
קרית מוצקין,2
קרית מלאכי,2
קרית עקרון,2
קרית שמונה,2
ראמה,1
ראש העין,2
ראש פינה,0
ראשון לציון,2
רהט,1
רחובות,2
ריינה,1
רכסים,2
רמלה,2
רמת גן,0
רמת השרון,0
רמת ישי,0
רמת נגב,0
רעננה,0
שגב שלום,1
שדות נגב,2
שדרות,2
שהם,0
שלומי,2
שעב,1
שער הנגב,0
שפיר,2
שפרעם,1
תל אביב -יפו,0
תל מונד,0
תל שבע,1
תמר,0
