municipality,canton
כפר שמריהו,0
אום אל-פחם,1
בית שאן,2
חוף השרון,0
דאלית אל-כרמל,0
עמק המעיינות,2
מעיליא,1
עוספייא,0
מזרעה,1
יבנאל,2
כאוכב אבו אל-היג'א,1
זמר,1
הגליל התחתון,2
תל מונד,0
עילוט,1
מגדל,2
אבו גוש,1
כפר תבור,2
"בסמ""ה",1
אבן יהודה,0
מרום הגליל,2
ג'סר א-זרקא,1
סאג'ור,1
שעב,1
מבואות החרמון,2
קדימה - צורן,0
מעלה עירון,1
ראש פינה,2
ג'ת,1
חצור הגלילית,2
בוסתאן אל-מרג',1
יסוד המעלה,2
מטולה,2
משהד,1
לב השרון,1
גולן,2
עין מאהל,1
בוקעאתא,2
עין קיניה,2
מסעדה,2
ע'ג'ר,2
מג'דל שמס,2
בענה,1
פרדסיה,0
קצרין,2
דבוריה,1
כפר כמא,2
ראמה,2
פוריידיס,2
כפר יונה,0
עמק הירדן,2
טורעאן,1
אל-בטוף,1
בסמת טבעון,1
מג'אר,2
חורה,1
דרום השרון,0
כאבול,1
הגליל העליון,2
בועיינה-נוג'ידאת,1
סביון,0
מעלה יוסף,2
נחף,1
כוכב יאיר,0
יאנוח - ג'ת,2
אעבלין,1
כסרא - סמיע,2
חורפיש,2
אכסאל,1
גני תקווה,0
ירכא,2
דיר חנא,1
ג'וליס,2
פקיעין (בוקייעה),2
ריינה,1
חבל מודיעין,0
כפר ורדים,2
דיר אל-אסד,1
אבו סנאן,2
כפר ברא,1
גוש חלב (ג'יש),2
שהם,0
ערערה,1
מעלות-תרשיחא,2
ג'לג'וליה,1
לקיה,1
עילבון,2
גזר,0
כפר קרע,1
הגלבוע,2
ברנר,0
יפיע,1
גדרות,0
מגידו,2
גן רוה,0
כפר יאסיף,1
אלונה,2
בית ג'ן,2
מזכרת בתיה,0
כפר מנדא,1
שער הנגב,2
חבל יבנה,0
יואב,2
מג'ד אל-כרום,1
בני שמעון,2
באר טוביה,0
כפר כנא,1
עומר,2
להבים,2
"בני עי""ש",0
ג'דיידה-מכר,1
מיתר,2
חוף אשקלון,0
קלנסווה,1
לכיש,2
נחל שורק,0
טובא-זנגריה,2
שגב שלום,1
פסוטה,2
שפיר,0
בנימינה - גבעת עדה,2
באקה אל גרבייה,1
קרית עקרון,0
מרחבים,2
כסייפה,1
רמת נגב,2
גדרה,0
עראבה,1
אשכול,2
מצפה רמון,2
חבל אילות,2
הערבה התיכונה,2
תמר,2
באר יעקב,0
טירה,1
ירוחם,2
אל קסום,1
שדות נגב,2
גן יבנה,0
כפר קאסם,1
מנשה,2
ביר אל-מכסור,1
חריש,2
יהוד -מונסון,0
טמרה,1
יקנעם עילית,2
תל שבע,1
קרית מלאכי,0
זכרון יעקב,2
סח'נין,1
קרית אונו,0
מטה אשר,2
שפרעם,1
זבולון,2
גבעת שמואל,0
שלומי,2
טייבה,1
קרית טבעון,2
נשר,2
עמק חפר,0
רהט,1
ערד,2
אליכין,0
נווה מדבר,1
אור יהודה,0
חוף הכרמל,2
נצרת,1
נס ציונה,0
פרדס חנה - כרכור,2
ערערה בנגב,1
אור עקיבא,2
משגב,1
יבנה,0
שדרות,2
מגדל העמק,1
קרית שמונה,2
מטה יהודה,0
כרמיאל,1
קרית ביאליק,2
מבשרת ציון,0
עמק יזרעאל,1
טירת כרמל,2
כעביה - טבאש - חג'אג'רה,1
זרזיר,1
רמת ישי,1
צפת,2
רמת השרון,0
אופקים,2
עפולה,1
אילת,2
ראש העין,0
נהריה,1
קרית מוצקין,2
קרית גת,0
דימונה,1
קרית ים,2
לוד,0
קרית אתא,1
עכו,2
טבריה,2
הוד השרון,0
נתיבות,2
באר שבע,1
רעננה,0
חדרה,2
רמלה,0
מודיעין-מכבים-רעות,0
חיפה,1
הרצליה,0
כפר סבא,0
רחובות,0
אשקלון,0
בית שמש,0
רכסים,2
אלעד,2
רמת גן,0
גבעתיים,0
בני ברק,2
פתח תקווה,2
נתניה,0
תל אביב -יפו,2
בת ים,2
אשדוד,0
חולון,2
אזור,2
ראשון לציון,0
בית דגן,0
קרית יערים,2
ירושלים,0
